dataset,outcome,model,seed,n_train,n_validation,n_test,n_features,fit_seconds,predict_seconds,qini_auc_normalized,qini_coefficient,uplift_auc_normalized,auuc,uplift_at_10pct,uplift_at_20pct,ate_test,cate_mean,cate_std,test_events_control,test_events_treated,metrics_implementation
criteo,conversion,constant_ate,4,3002,998,1000,10,0.0002993999987666,3.300000025774352e-05,0.0,0.0,0.0,0.00294811320754717,0.011627906976744186,0.005494505494505495,0.00589622641509434,-0.006078923919419332,0.0,0,5,scikit-uplift-compatible
criteo,conversion,s_learner,4,3002,998,1000,10,3.3489890999990166,0.0259925999998813,0.04562814070351759,0.0001135,0.002037444929852922,0.0031071095954663705,0.025,0.012658227848101266,0.00589622641509434,-0.0035144139369018266,0.036341627165196545,0,5,scikit-uplift-compatible
criteo,conversion,t_learner,4,3002,998,1000,10,1.052911499999027,0.0521758000031695,-0.08241206030150754,-0.000205,-0.0035364319687692107,0.002672140148880558,0.023529411764705882,0.011834319526627219,0.00589622641509434,-0.00448150540695104,0.06548440720058116,0,5,scikit-uplift-compatible
criteo,conversion,x_learner,4,3002,998,1000,10,8.709718599999178,0.1022848000029625,-0.49748743718592964,-0.0012375,-0.018280648952234392,0.001521543532147893,0.012658227848101266,0.006060606060606061,0.00589622641509434,-0.009521038081436548,0.0382783730321079,0,5,scikit-uplift-compatible
criteo,conversion,dr_learner,4,3002,998,1000,10,15.891497199998412,0.0628885000005539,-0.8010050251256281,-0.0019925,-0.0301267848491113,0.0005971048929453248,0.0,0.0,0.00589622641509434,-0.01916339715484663,0.15175609535761944,0,5,scikit-uplift-compatible
criteo,conversion,tarnet,4,3002,998,1000,10,13.81860130000132,0.0095271000027423,-0.8637185929648241,-0.0021485,-0.03245430969563575,0.00041547149615148176,0.0,0.0,0.00589622641509434,-0.009043985252341373,0.06733850678773501,0,5,scikit-uplift-compatible
criteo,conversion,dragonnet,4,3002,998,1000,10,8.41515419999996,0.008230999999796,-0.8592964824120602,-0.0021375,-0.03229371799801824,0.0004280036139412084,0.0,0.0,0.00589622641509434,-0.007161456115543842,0.049380129844352784,0,5,scikit-uplift-compatible
criteo,conversion,causalpfn,4,3002,998,1000,10,10.357131400000071,12.822650999998586,-0.9051256281407035,-0.0022515,-0.0340252575313827,0.00029287921017922695,0.0,0.0,0.00589622641509434,-0.006990636092144996,0.044239801027759235,0,5,scikit-uplift-compatible
