dataset,outcome,model,seed,n_train,n_validation,n_test,n_features,fit_seconds,predict_seconds,qini_auc_normalized,qini_coefficient,uplift_auc_normalized,auuc,uplift_at_10pct,uplift_at_20pct,ate_test,cate_mean,cate_std
criteo,conversion,constant_ate,4,3002,998,1000,10,0.00029939999876660295,3.300000025774352e-05,-0.0,0.0,0.0,0.00294811320754717,,,0.00589622641509434,-0.006078923919419332,0.0
criteo,conversion,s_learner,4,3002,998,1000,10,3.3489890999990166,0.02599259999988135,-7.72,9.65e-05,0.002037444929852922,0.0031071095954663705,0.024691358024691357,0.011904761904761904,0.00589622641509434,-0.0035144139369018266,0.036341627165196545
criteo,conversion,t_learner,4,3002,998,1000,10,1.052911499999027,0.05217580000316957,18.8,-0.000235,-0.0035364319687692107,0.002672140148880558,0.02197802197802198,0.011627906976744186,0.00589622641509434,-0.00448150540695104,0.06548440720058116
criteo,conversion,x_learner,4,3002,998,1000,10,8.709718599999178,0.10228480000296258,99.0,-0.0012375,-0.018280648952234392,0.001521543532147893,0.012658227848101266,0.006060606060606061,0.00589622641509434,-0.009521038081436548,0.0382783730321079
criteo,conversion,dr_learner,4,3002,998,1000,10,15.891497199998412,0.0628885000005539,159.4,-0.0019925,-0.0301267848491113,0.0005971048929453248,0.0,0.0,0.00589622641509434,-0.01916339715484663,0.15175609535761944
criteo,conversion,tarnet,4,3002,998,1000,10,13.818601300001319,0.009527100002742372,171.88,-0.0021485,-0.03245430969563575,0.00041547149615148176,0.0,0.0,0.00589622641509434,-0.009043985252341373,0.06733850678773501
criteo,conversion,dragonnet,4,3002,998,1000,10,8.41515419999996,0.00823099999979604,171.0,-0.0021375,-0.03229371799801824,0.0004280036139412084,0.0,0.0,0.00589622641509434,-0.007161456115543842,0.049380129844352784
criteo,conversion,causalpfn,4,3002,998,1000,10,10.357131400000071,12.822650999998586,180.12,-0.0022515,-0.0340252575313827,0.00029287921017922695,0.0,0.0,0.00589622641509434,-0.006990636092144996,0.044239801027759235
