dataset,outcome,model,seed,n_train,n_validation,n_test,n_features,fit_seconds,predict_seconds,qini_auc_normalized,qini_coefficient,uplift_auc_normalized,auuc,uplift_at_10pct,uplift_at_20pct,ate_test,cate_mean,cate_std
lzd,Y,constant_ate,4,3001,999,1000,64,0.0012456999993446516,7.6299998909235e-05,0.0,0.0,0.0,-0.010676691729323307,-0.07547169811320754,-0.018807523009203683,-0.021353383458646614,0.004961470518193096,8.673617379884035e-19
lzd,Y,s_learner,4,3001,999,1000,64,5.356881699999576,0.07331599999997707,0.09323569983803022,0.0010643370386431306,0.00862606523920833,-0.008567323953695673,0.002400960384153661,-0.015224358974358969,-0.021353383458646614,-0.0013999353940115835,0.020600399112994522
lzd,Y,t_learner,4,3001,999,1000,64,9.328167499999836,0.11020880000069155,0.24560920344764758,0.0028037647887568023,0.021339757056950442,-0.005458391771301563,0.048484848484848485,0.007034468897598234,-0.021353383458646614,-0.00630189975342855,0.07022575336783757
lzd,Y,x_learner,4,3001,999,1000,64,21.060016599998562,0.23034109999935026,0.19887355119652475,0.0022702514907129386,0.017825250684562748,-0.006317808699364694,-0.01762820512820513,-0.0091009100910091,-0.021353383458646614,-0.002499729090439339,0.059273357534148655
lzd,Y,dr_learner,4,3001,999,1000,64,44.20941309999944,0.050923900000270805,-0.018652532219111718,-0.00021292896325949187,-0.0019591126845646956,-0.011155761739930296,-0.024242424242424246,-0.033329996997297565,-0.021353383458646614,0.005851914712267263,0.1018264406216725
lzd,Y,tarnet,4,3001,999,1000,64,12.46498210000027,0.03191559999868332,0.2753768044298162,0.0031435784044845897,0.02460754085598403,-0.004659306944992957,0.04321728691476591,0.019001900190018996,-0.021353383458646614,0.002754381498147268,0.013466277325444987
lzd,Y,dragonnet,4,3001,999,1000,64,8.53109890000087,0.009853999999904772,0.08738630355408118,0.0009975629475007482,0.007786741896562438,-0.008772567197656091,0.004801920768307322,-0.008430349257326372,-0.021353383458646614,0.008173374914302258,0.0391937043567768
lzd,Y,causalpfn,4,3001,999,1000,64,17.26504879999993,19.98267510000005,0.05165511387135802,0.0005896716710886913,0.004468324821955676,-0.009584033590403943,0.0,-0.03232323232323232,-0.021353383458646614,0.0018907192992046475,0.014316766461776705
