dataset,outcome,model,seed,n_train,n_validation,n_test,n_features,fit_seconds,predict_seconds,qini_auc_normalized,qini_coefficient,uplift_auc_normalized,auuc,uplift_at_10pct,uplift_at_20pct,ate_test,cate_mean,cate_std
lzd,Y,constant_ate,1,2994,998,1008,64,0.0004026000005978858,3.319999996165279e-05,0.0,0.0,0.0,0.004477134633834346,0.05803921568627451,0.026792750197005513,0.008954269267668694,0.0009732781570933463,0.0
lzd,Y,s_learner,1,2994,998,1008,64,5.850533200000427,0.07457310000063444,0.04633281740551901,0.0002760310568183553,0.0022267227805942754,0.005013300154437567,0.010244286840031522,0.0347877358490566,0.008954269267668694,0.002312853453475947,0.02271300667776449
lzd,Y,t_learner,1,2994,998,1008,64,9.918132799999512,0.1504813000010472,-0.1321104585298514,-0.0007870574579047422,-0.006064281967918145,0.0030169353998974677,-0.011032308904649332,0.0063819342169857615,0.008954269267668694,0.0005018347372279376,0.06794225123854783
lzd,Y,x_learner,1,2994,998,1008,64,24.4200996999989,0.23453890000018873,0.30391233861676786,0.0018105793842472372,0.014771564675060116,0.008033932872550904,0.06295108259823577,0.015150024594195767,0.008954269267668694,0.0005802990687204651,0.06400908240497424
lzd,Y,dr_learner,1,2994,998,1008,64,51.4702328000003,0.0773339000006672,0.16731874737758068,0.0009968133441989994,0.008022336268329221,0.006408807556592558,0.04227642276422764,0.013613495116898494,0.008954269267668694,-0.0034692064052769212,0.13576844258160176
lzd,Y,tarnet,1,2994,998,1008,64,15.465616900000896,0.017525200000818586,-0.2771696293046113,-0.00165125779046172,-0.012936264300343033,0.0013622525552474537,0.022619047619047622,-0.0059026069847515975,0.008954269267668694,0.00742612771952577,0.03392730058995483
lzd,Y,dragonnet,1,2994,998,1008,64,11.840144699999655,0.021226999999271357,-0.20590365601128913,-0.0012266856831544448,-0.009603438857004355,0.002164753030151849,0.0003968253968253954,0.0023640661938534244,0.008954269267668694,0.0039226902479366265,0.04124507452812703
lzd,Y,causalpfn,1,2994,998,1008,64,14.705356699998447,19.027497800001584,0.15295360838893451,0.0009112320064255223,0.007080842973498622,0.0061821083702517385,0.036106750392464686,0.02364066193853428,0.008954269267668694,0.003394494529828311,0.006126958636917156
