dataset,outcome,model,seed,n_train,n_validation,n_test,n_features,fit_seconds,predict_seconds,qini_auc_normalized,qini_coefficient,uplift_auc_normalized,auuc,uplift_at_10pct,uplift_at_20pct,ate_test,cate_mean,cate_std
criteo,conversion,constant_ate,17,2999,1000,1001,10,0.0003557999989425298,3.699999979289714e-05,-0.0,0.0,0.0,0.00234192037470726,,,0.00468384074941452,0.003541912632821725,1.3010426069826053e-18
criteo,conversion,s_learner,17,2999,1000,1001,10,3.444456299999729,0.06366559999878518,-170.875,0.0013642700955388267,0.02105612510286716,0.0039226310322891395,0.034482758620689655,0.017341040462427744,0.00468384074941452,0.0004615837559304794,0.007682309272644222
criteo,conversion,t_learner,17,2999,1000,1001,10,2.0032420000006823,0.021786100000099395,-126.75,0.0010119750379490638,0.015555722495152476,0.0035097086650193016,0.022988505747126436,0.017543859649122806,0.00468384074941452,0.0007863635216024417,0.012817495061293654
criteo,conversion,x_learner,17,2999,1000,1001,10,11.787820999999894,0.20643749999908323,-163.8125,0.0013078829262645447,0.020289970398627354,0.003865114803617823,0.03409090909090909,0.01744186046511628,0.00468384074941452,0.0007269780156829504,0.0036991791823253856
criteo,conversion,dr_learner,17,2999,1000,1001,10,14.56255069999861,0.04301550000127463,-68.5,0.0005469056418107367,0.008305330252549193,0.002965412303103623,0.022727272727272728,0.011299435028248588,0.00468384074941452,0.0028775351914123136,0.022536620032426607
criteo,conversion,tarnet,17,2999,1000,1001,10,11.204569999999876,0.01009900000099151,-17.0,0.00013572840745667918,0.0022522799800993513,0.0025110019579049473,0.023529411764705882,0.011764705882352941,0.00468384074941452,0.0004755938126444554,0.00474126565376138
criteo,conversion,dragonnet,17,2999,1000,1001,10,9.04681619999974,0.009017799999128329,-108.5,0.0008662666005323348,0.013034694545899077,0.003320451822747596,0.023809523809523808,0.017142857142857144,0.00468384074941452,0.002147554016013706,0.017046550491292577
criteo,conversion,causalpfn,17,2999,1000,1001,10,13.656267200000002,10.777176699999472,-110.0,0.0008782426364843947,0.013466587500262401,0.003352874587741696,0.023809523809523808,0.017341040462427744,0.00468384074941452,0.004324215881574851,0.0251624735508833
