"dataset","seed","split","same_rows","n_evaluation","zero_shot_qini","head_ft_qini","delta_qini","zero_shot_auuc","head_ft_auuc","delta_auuc","zero_shot_uplift_10","head_ft_uplift_10","delta_uplift_10","zero_shot_uplift_20","head_ft_uplift_20","delta_uplift_20","zero_shot_cate_std","head_ft_cate_std","pearson_cate","spearman_cate","top_10pct_overlap","fit_seconds","predict_seconds","epochs","head_delta_norm"
"hillstrom","42","validation","True","12800","-0.105465501475544","-0.133124379914117","-0.0276588784385733","0.00223270129722991","0.00215671747429976","-7.59838229301485E-05","0.00412910018584939","0.00261622328708996","-0.00151287689875943","0.009051767746211","0.00688788295423176","-0.00216388479197924","0.00690414799483966","0.00374605841684953","0.893958018516388","0.927954802909754","0.48828125","195.1174259","284.525420800001","10","1.89191629118356"
"lzd","42","validation","True","36552","0.10697018486893","0.0933987378401783","-0.0135714470287518","0.00460725398134576","0.00436887946182842","-0.000238374519517344","0.0166771488469602","0.0195201912670906","0.00284304242013042","0.0210519616651692","0.0155937813590546","-0.0054581803061146","0.0180825109786583","0.0243221927125221","0.911562881886472","0.92577415049378","0.893296853625171","385.330162000002","458.402030099998","10","2.56157295391523"
"retailhero","42","validation","True","40008","0.00954572462732481","0.00966203667859005","0.000116312051265242","0.0186067480132164","0.0186497498864677","4.30018732512881E-05","0.0472068131338436","0.051441716664029","0.00423490353018541","0.0506809865272355","0.0455373682772025","-0.00514361825003307","0.0443646412101816","0.0597170041155547","0.986825815061879","0.986624356147294","0.91425","211.650499200001","722.355762399999","10","3.12370067287301"
