dataset,outcome,model,seed,n_train,n_validation,n_test,n_features,fit_seconds,predict_seconds,qini_auc_normalized,qini_coefficient,uplift_auc_normalized,auuc,uplift_at_10pct,uplift_at_20pct,ate_test,cate_mean,cate_std
retailhero,Y,constant_ate,2,3000,1000,1000,5,0.0003345000004628673,2.1300000298651867e-05,0.0,0.0,0.0,0.010768043072172271,0.020000000000000018,0.05288461538461542,0.021536086144344546,0.020354702852805162,0.0
retailhero,Y,s_learner,2,3000,1000,1000,5,4.181601199999932,0.045448400000168476,-0.0531753509888722,-0.005526856511294281,-0.040865237106364805,-0.0005697211535558617,-0.09898989898989896,-0.025002520415364438,0.021536086144344546,0.013297780043773074,0.071141485124845
retailhero,Y,t_learner,2,3000,1000,1000,5,7.524809699998514,0.11061630000040168,-0.018734385740870343,-0.0019471853009244056,-0.013062726332073627,0.007143884207933254,0.0489596083231334,0.0024154589371980784,0.021536086144344546,0.014422035014739336,0.23287236082225138
retailhero,Y,x_learner,2,3000,1000,1000,5,21.224968599999556,0.13166300000011688,-0.022462237164166392,-0.002334644895056525,-0.0163825466917529,0.006222824080180974,-0.018181818181818188,0.0971497390606183,0.021536086144344546,0.008207001193843265,0.1980045335502736
retailhero,Y,dr_learner,2,3000,1000,1000,5,48.4600808999985,0.049583300000449526,-0.015051413827477354,-0.0015643903231402502,-0.010504663784165046,0.007853600144913236,0.043247654018767845,0.07707747892412686,0.021536086144344546,0.025880008488953395,0.25549147601709943
retailhero,Y,tarnet,2,3000,1000,1000,5,12.04057979999925,0.011614200000622077,0.020640829213330058,0.0021453342425530827,0.014623420817402174,0.014825205324033704,-0.07139942880456951,0.0665584415584416,0.021536086144344546,0.008561962485313416,0.01762552386731095
retailhero,Y,dragonnet,2,3000,1000,1000,5,6.533542200000738,0.004020299998956034,0.023273310948305634,0.0024189450142216647,0.017289270264919457,0.015564825956077732,0.016161616161616155,-0.044560943643512485,0.021536086144344546,0.010325252950191498,0.017647663085300667
retailhero,Y,causalpfn,2,3000,1000,1000,5,9.649678600000698,18.492032500000278,0.019759784408829962,0.0020537615848472152,0.015183557050732033,0.014980611067337033,0.02020202020202022,0.03172855570013011,0.021536086144344546,0.022849924027919768,0.008317964881049179
