dataset,outcome,model,seed,n_train,n_validation,n_test,n_features,fit_seconds,predict_seconds,qini_auc_normalized,qini_coefficient,uplift_auc_normalized,auuc,uplift_at_10pct,uplift_at_20pct,ate_test,cate_mean,cate_std
hillstrom,conversion,constant_ate,17,3000,1000,1000,18,0.00045110000064596534,3.479999941191636e-05,0.0,0.0,0.0,0.0007304667772887956,0.028985507246376812,0.029850746268656716,0.0014609335545775915,0.0014511460043358936,4.336808689942018e-19
hillstrom,conversion,s_learner,17,3000,1000,1000,18,4.597881499999858,0.04092139999920619,0.3940226088713683,0.000788251723567868,0.006974297492079288,0.0019085636385374682,0.0,0.0,0.0014609335545775915,-0.00011950975995146485,0.036229760000510654
hillstrom,conversion,t_learner,17,3000,1000,1000,18,5.5535324000011315,0.07986429999982647,0.30271871874539746,0.0006055960912771253,0.005297566464133983,0.0016253305869757832,0.0,0.0,0.0014609335545775915,-0.00048526161397282296,0.05048587108004495
hillstrom,conversion,x_learner,17,3000,1000,1000,18,19.959413999999015,0.1779690000003029,-0.8211970528103805,-0.0016428244920279568,-0.014547092098678535,-0.0017268249515501374,0.0,-0.021836007130124777,0.0014609335545775915,-0.0006564038502238094,0.027669484749967964
hillstrom,conversion,dr_learner,17,3000,1000,1000,18,43.33436449999863,0.05245409999952244,-0.4080054334906229,-0.0008162247011542198,-0.007077173162620704,-0.00046500782052780214,0.0,-0.010199125789218066,0.0014609335545775915,0.002284994079189789,0.05000877667390971
hillstrom,conversion,tarnet,17,3000,1000,1000,18,14.329066500000408,0.07643830000051821,0.8518188783242,0.0017040841918436664,0.015231745229774954,0.003303409968616217,0.015151515151515152,0.007874015748031496,0.0014609335545775915,0.001371523161767982,0.0035962855264806046
hillstrom,conversion,dragonnet,17,3000,1000,1000,18,12.581465900000694,0.009143900000708527,0.13129431117698673,0.00026265743322790355,0.0023079902797546728,0.0011203320085123615,0.015151515151515152,0.007518796992481203,0.0014609335545775915,0.0015266103497706353,0.0017434659901633578
hillstrom,conversion,causalpfn,17,3000,1000,1000,18,6.951488500000778,11.597807699999976,-0.05964603634248598,-0.00011932333295703097,-0.0010860479526860198,0.0005470117862050283,0.0,-0.015625,0.0014609335545775915,0.0003918318119831383,0.0011592418854141889
