dataset,outcome,model,seed,n_train,n_validation,n_test,n_features,fit_seconds,predict_seconds,qini_auc_normalized,qini_coefficient,uplift_auc_normalized,auuc,uplift_at_10pct,uplift_at_20pct,ate_test,cate_mean,cate_std
hillstrom,conversion,constant_ate,4,3000,1000,1000,18,0.000370699999621138,2.7000001864507794e-05,0.0,0.0,0.0,0.005186651506846833,0.02857142857142857,0.030534351145038167,0.010373303013693666,0.00736471857116411,8.673617379884035e-19
hillstrom,conversion,s_learner,4,3000,1000,1000,18,4.572436999998899,0.05711829999927431,1.645136234521654,0.0016167363827162872,0.01622552047556704,0.007905917920766184,0.015151515151515152,0.03361344537815126,0.010373303013693666,0.002752196629766301,0.03256615683910205
hillstrom,conversion,t_learner,4,3000,1000,1000,18,5.427487799999653,0.18837659999917378,1.1274053241634303,0.0011079430185750225,0.011029805275142537,0.0070351579434773295,0.01639344262295082,0.01694915254237288,0.010373303013693666,0.003986199499793522,0.04588976731424669
hillstrom,conversion,x_learner,4,3000,1000,1000,18,18.59680799999842,0.08614180000222404,1.685802053886203,0.0016567001913784624,0.01519029973034095,0.007732423270303361,0.015873015873015872,0.007462686567164179,0.010373303013693666,0.0040000001389884745,0.0237784219286294
hillstrom,conversion,dr_learner,4,3000,1000,1000,18,41.363803299998835,0.06099430000176653,1.4570711822814728,0.001431917882039018,0.013352131053205152,0.007424361020196758,0.030303030303030304,0.015151515151515152,0.010373303013693666,0.008755082525201399,0.04860840286992534
hillstrom,conversion,tarnet,4,3000,1000,1000,18,18.006270999998378,0.006814300002588425,1.0817219662983437,0.0010630482887676708,0.0082810772996913,0.0065744932963308494,0.014285714285714285,0.02097902097902098,0.010373303013693666,0.0076822766668628905,0.0045621550426566725
hillstrom,conversion,dragonnet,4,3000,1000,1000,18,8.78601869999693,0.012602500002685701,0.28648861679110366,0.0002815429873106627,0.0014168317814248041,0.005424101090248708,0.015151515151515152,0.014184397163120567,0.010373303013693666,0.00834255211148411,0.004755425712682319
hillstrom,conversion,causalpfn,4,3000,1000,1000,18,11.481349099998624,20.469523100000515,2.388309896049694,0.002347080698315304,0.02029111275396015,0.00858727840790568,0.0,0.015037593984962405,0.010373303013693666,0.003513941937824711,0.0014849757665777853
