dataset,outcome,model,seed,n_train,n_validation,n_test,n_features,fit_seconds,predict_seconds,qini_auc_normalized,qini_coefficient,uplift_auc_normalized,auuc,uplift_at_10pct,uplift_at_20pct,ate_test,cate_mean,cate_std
criteo,conversion,constant_ate,2,3001,999,1000,10,0.000261799999861978,2.6899999284069054e-05,-0.0,0.0,0.0,0.0017482517482517483,,,0.0034965034965034965,0.0035115099492781885,1.3010426069826053e-18
criteo,conversion,s_learner,2,3001,999,1000,10,3.5431341999992583,0.030638899999757996,-219.66666666666666,0.0009885,0.01631601419449289,0.00292702672480318,0.02247191011235955,0.011904761904761904,0.0034965034965034965,0.0004131471289274308,0.005240675557684391
criteo,conversion,t_learner,2,3001,999,1000,10,0.624782700000651,0.02881089999937103,-91.88888888888889,0.0004135,0.0065595966742894455,0.0022221596723164534,0.011235955056179775,0.011494252873563218,0.0034965034965034965,0.001306098534742722,0.015998147981412827
criteo,conversion,x_learner,2,3001,999,1000,10,7.34894820000045,0.25073340000017197,-132.11111111111111,0.0005945,0.008988173673652384,0.0023976158689924558,0.02247191011235955,0.011363636363636364,0.0034965034965034965,0.0009424901672502182,0.003902592208963732
criteo,conversion,dr_learner,2,3001,999,1000,10,14.94741840000097,0.05856630000016594,58.111111111111114,-0.0002615,-0.004481344622945234,0.0014244902682810981,0.011111111111111112,0.005780346820809248,0.0034965034965034965,0.005018039155440981,0.025510019676513278
criteo,conversion,tarnet,2,3001,999,1000,10,13.524310099999639,0.012656599999900209,59.888888888888886,-0.0002695,-0.004327466605864682,0.0014356074169801433,0.011494252873563218,0.006060606060606061,0.0034965034965034965,0.0022870584309785044,0.02037334450245476
criteo,conversion,dragonnet,2,3001,999,1000,10,8.719246900000144,0.020210500000757747,-174.11111111111111,0.0007835,0.012727349695145936,0.002667758262503332,0.011627906976744186,0.005917159763313609,0.0034965034965034965,0.002702431663619791,0.023397919361528532
criteo,conversion,causalpfn,2,3001,999,1000,10,8.303500599999097,11.680192499999976,-244.11111111111111,0.0010985,0.01802436489366916,0.0030504490895644724,0.023809523809523808,0.011834319526627219,0.0034965034965034965,0.007038973501417786,0.03617920966373814
