dataset,outcome,model,seed,n_train,n_validation,n_test,n_features,fit_seconds,predict_seconds,qini_auc_normalized,qini_coefficient,uplift_auc_normalized,auuc,uplift_at_10pct,uplift_at_20pct,ate_test,cate_mean,cate_std
hillstrom,conversion,constant_ate,3,3000,1000,1000,18,0.00031769999986863695,4.6099999963189475e-05,0.0,0.0,0.0,0.0020738918283631576,0.0,0.007575757575757576,0.004147783656726314,0.0006581245680740631,1.0842021724855044e-19
hillstrom,conversion,s_learner,3,3000,1000,1000,18,5.813681800000268,0.07830620000095223,-0.57030814744182,-0.0011829806556751118,-0.01094012869645876,0.0002680107105022666,-0.022727272727272728,0.004166666666666666,0.004147783656726314,0.0008423546016318848,0.0404207579423756
hillstrom,conversion,t_learner,3,3000,1000,1000,18,9.118518499999482,0.11509250000017346,-0.32346946381994457,-0.0006709673009530901,-0.006399000952420937,0.001017612207366435,-0.021739130434782608,-0.010666666666666668,0.004147783656726314,-0.0010282831455848305,0.05103889057888081
hillstrom,conversion,x_learner,3,3000,1000,1000,18,21.53588690000106,0.15989059999992605,-0.8245343131335922,-0.0017103177409488282,-0.01579236444563217,-0.0005329452162482317,-0.023809523809523808,-0.01282051282051282,0.004147783656726314,-0.003654713246956167,0.035083480839787566
hillstrom,conversion,dr_learner,3,3000,1000,1000,18,37.225049099999524,0.04763939999975264,-0.8056463783011852,-0.00167113881349949,-0.015596195736270706,-0.0005005637536548643,-0.025,-0.013333333333333334,0.004147783656726314,0.0003341995224082046,0.06499710474926321
hillstrom,conversion,tarnet,3,3000,1000,1000,18,11.897734800000762,0.009178799999062903,-0.4493355274304023,-0.0009320491724378987,-0.00833920709415611,0.0006973434305236702,-0.011154011154011156,0.0007744219493306774,0.004147783656726314,0.00027957056486047803,0.00027414313012168244
hillstrom,conversion,dragonnet,3,3000,1000,1000,18,6.408038499999748,0.010289399999237503,-0.3136893386760829,-0.0006506805508739139,-0.005778373269130547,0.0011200588828647455,-0.013186813186813185,-0.006076388888888888,0.004147783656726314,0.0006149500841274858,0.0005090058299036961
hillstrom,conversion,causalpfn,3,3000,1000,1000,18,9.863777699998536,20.65890380000019,-0.23095818822906394,-0.00047907270862306315,-0.004034224721733547,0.0014079645388108484,0.015873015873015872,0.015503875968992248,0.004147783656726314,-0.0016659977789968252,0.0014478626955141522
