dataset,outcome,model,seed,n_train,n_validation,n_test,n_features,fit_seconds,predict_seconds,qini_auc_normalized,qini_coefficient,auuc,uplift_at_10pct,uplift_at_20pct,ate_test,cate_mean,cate_std
retailhero,Y,constant_ate,0,1200,400,400,5,4.7546986024826765e-05,4.606961738318205e-06,0.0,0.0,-0.023261070836893938,-0.0505050505050505,0.002525252525252486,0.031075776894422424,0.03643495266456287,0.0
retailhero,Y,s_learner,0,1200,400,400,5,0.05454665399156511,0.0007078020134940743,-0.021592997482065897,-0.0021921125772938815,0.025142310229332776,0.010101010101010166,0.07894736842105265,0.031075776894422424,0.011652013976383092,0.038770936303358074
retailhero,Y,t_learner,0,1200,400,400,5,0.07344636099878699,0.0006664580432698131,0.002217583408368723,0.0002251281918928015,0.01844746203942449,0.08333333333333337,0.046666666666666634,0.031075776894422424,0.03722890619613554,0.0716402269595953
retailhero,Y,x_learner,0,1200,400,400,5,0.0974155169678852,0.0003549960092641413,-0.0874018421957807,-0.00887300050468469,-0.03736505802931621,-0.2276214833759591,-0.11347517730496448,0.031075776894422424,0.03951332483533302,0.046464381364753025
retailhero,Y,dr_learner,0,1200,400,400,5,0.2309532290091738,0.0002105950261466205,-0.03414479901609016,-0.0034663665123153544,-0.012177767854100591,-0.18666666666666665,-0.06666666666666665,0.031075776894422424,0.04031662284505681,0.09567833295321028
