dataset,outcome,model,seed,n_train,n_validation,n_test,n_features,fit_seconds,predict_seconds,qini_auc_normalized,qini_coefficient,uplift_auc_normalized,auuc,uplift_at_10pct,uplift_at_20pct,ate_test,cate_mean,cate_std
lzd,Y,constant_ate,17,2997,998,1005,64,0.00039959999958227854,2.9800001357216388e-05,0.0,0.0,0.0,0.004613531963761644,0.004728132387706849,0.005452022204599519,0.009227063927523288,-0.009720940805220162,0.0
lzd,Y,s_learner,17,2997,998,1005,64,7.42715379999936,0.09493690000090282,-0.13821020484268734,-0.0008741643640996588,-0.00664126398414084,0.0030563709447829304,-0.035153019023986765,-0.017119734384727123,0.009227063927523288,-0.00429483938068254,0.027941406038279326
lzd,Y,t_learner,17,2997,998,1005,64,12.194751799999722,0.07883229999970354,-0.14048104754914365,-0.0008885271947800646,-0.006983478255178766,0.0029761327967028385,-0.015447154471544718,-0.006306306306306304,0.009227063927523288,-0.005513379293394214,0.0675843857311468
lzd,Y,x_learner,17,2997,998,1005,64,26.924049400000513,0.28335750000042026,-0.20981456321102535,-0.0013270540654865249,-0.010212992702747207,0.002218916396332221,0.009126984126984122,-0.017417417417417418,0.009227063927523288,-0.008403360887117016,0.06161622851843942
lzd,Y,dr_learner,17,2997,998,1005,64,32.42960350000067,0.014395599999261321,0.08173771587692076,0.0005169820745424323,0.004019899285549913,0.005556067975374274,0.032806324110671935,0.008594539939332659,0.009227063927523288,-0.014364240286260477,0.12030989424432312
lzd,Y,tarnet,17,2997,998,1005,64,3.746719300001132,0.003424599999561906,-0.3075256356161168,-0.0019450658654958915,-0.015310917911911293,0.0010236182674917406,-0.04531126871552403,-0.016683316683316688,0.009227063927523288,-0.003949233783415949,0.008920049657733032
lzd,Y,dragonnet,17,2997,998,1005,64,1.6377085999993142,0.003059800001210533,-0.30098503917391867,-0.001903697311442778,-0.014963798425368014,0.0011050065295249692,-0.008730158730158734,-0.018158105939004816,0.009227063927523288,-0.005093805398545877,0.009166226355932635
lzd,Y,causalpfn,17,2997,998,1005,64,8.172701299999972,9.619097200000397,0.05691314284020936,0.00035996937690999304,0.002612644851269679,0.0052261124497275085,-0.021739130434782608,0.01482153660012099,0.009227063927523288,-0.006228514762586029,0.007944166225186781
