dataset,outcome,model,seed,n_train,n_validation,n_test,n_features,fit_seconds,predict_seconds,qini_auc_normalized,qini_coefficient,uplift_auc_normalized,auuc,uplift_at_10pct,uplift_at_20pct,ate_test,cate_mean,cate_std,metrics_implementation
lzd,Y,constant_ate,17,2997,998,1005,64,0.0003995999995822,2.9800001357216388e-05,0.0,0.0,0.0,0.004613531963761644,0.0,0.006335478680611423,0.009227063927523288,-0.009720940805220162,0.0,scikit-uplift-compatible
lzd,Y,s_learner,17,2997,998,1005,64,7.42715379999936,0.0949369000009028,-0.057578632491799724,-0.0008741643640996597,-0.00664126398414084,0.0030563709447829304,-0.0365025466893039,-0.017119734384727123,0.009227063927523288,-0.00429483938068254,0.027941406038279326,scikit-uplift-compatible
lzd,Y,t_learner,17,2997,998,1005,64,12.194751799999722,0.0788322999997035,-0.05852466985416783,-0.0008885271947800655,-0.006983478255178766,0.0029761327967028385,-0.01666666666666667,-0.006306306306306304,0.009227063927523288,-0.005513379293394214,0.0675843857311468,scikit-uplift-compatible
lzd,Y,x_learner,17,2997,998,1005,64,26.92404940000052,0.2833575000004202,-0.08740914348767277,-0.0013270540654865255,-0.010212992702747207,0.002218916396332221,0.010101010101010097,-0.017417417417417418,0.009227063927523288,-0.008403360887117016,0.06161622851843942,scikit-uplift-compatible
lzd,Y,dr_learner,17,2997,998,1005,64,32.42960350000067,0.0143955999992613,0.034052086881378806,0.0005169820745424314,0.004019899285549913,0.005556067975374274,0.03232323232323232,0.008594539939332659,0.009227063927523288,-0.014364240286260477,0.12030989424432312,scikit-uplift-compatible
lzd,Y,tarnet,17,2997,998,1005,64,3.746719300001132,0.0034245999995619,-0.12811576088105597,-0.0019450658654958923,-0.015310917911911293,0.0010236182674917406,-0.0249597423510467,-0.016683316683316688,0.009227063927523288,-0.003949233783415949,0.008920049657733032,scikit-uplift-compatible
lzd,Y,dragonnet,17,2997,998,1005,64,1.6377085999993142,0.0030598000012105,-0.125390936044488,-0.0019036973114427789,-0.014963798425368014,0.0011050065295249692,-0.008080808080808084,-0.018158105939004816,0.009227063927523288,-0.005093805398545877,0.009166226355932635,scikit-uplift-compatible
lzd,Y,causalpfn,17,2997,998,1005,64,8.172701299999972,9.619097200000397,0.023710122847148723,0.0003599693769099921,0.002612644851269679,0.0052261124497275085,-0.021739130434782608,0.01482153660012099,0.009227063927523288,-0.006228514762586029,0.007944166225186781,scikit-uplift-compatible
