dataset,outcome,model,seed,n_train,n_validation,n_test,n_features,fit_seconds,predict_seconds,qini_auc_normalized,qini_coefficient,uplift_auc_normalized,auuc,uplift_at_10pct,uplift_at_20pct,ate_test,cate_mean,cate_std
lzd,Y,causalpfn,17,2997,998,1005,64,17.711876100000154,59.101108799999565,0.05691314284020936,0.00035996937690999304,0.002612644851269679,0.0052261124497275085,-0.021739130434782608,0.01482153660012099,0.009227063927523288,-0.006228514762586029,0.007944166225186781
