dataset,outcome,model,seed,n_train,n_validation,n_test,n_features,fit_seconds,predict_seconds,qini_auc_normalized,qini_coefficient,uplift_auc_normalized,auuc,uplift_at_10pct,uplift_at_20pct,ate_test,cate_mean,cate_std
retailhero,Y,constant_ate,4,3000,1000,1000,5,0.0003405999996175524,2.0600000425474718e-05,0.0,0.0,0.0,0.012712152681898072,0.07650273224043713,0.039408866995073955,0.02542430536379614,0.024922137773896288,3.469446951953614e-18
retailhero,Y,s_learner,4,3000,1000,1000,5,4.967822100001285,0.09684589999960735,0.061251047460505054,0.006300449653888506,0.04264571866345078,0.024550110290635543,0.19191919191919193,0.09130478793400143,0.02542430536379614,0.026255906841604358,0.07663510889047633
retailhero,Y,t_learner,4,3000,1000,1000,5,9.98348999999871,0.12149499999941327,0.007224453541394048,0.0007431269782571389,0.006434515832472638,0.014498299757028581,0.052990766760337205,0.11550395355820242,0.02542430536379614,0.035255229035341416,0.2356989139542974
retailhero,Y,x_learner,4,3000,1000,1000,5,19.890483200000745,0.16716180000003078,0.03184622615435491,0.0032757896047612514,0.025425899829586433,0.019770088009990257,0.12,0.13301282051282048,0.02542430536379614,0.035326785266429545,0.19858010747798277
retailhero,Y,dr_learner,4,3000,1000,1000,5,57.67458979999901,0.11951019999833079,0.01355070494707863,0.0013938624371904389,0.012722804720149217,0.016243855925779677,0.1600985221674877,0.0887218045112782,0.02542430536379614,0.03193850964942657,0.27724124513404963
retailhero,Y,tarnet,4,3000,1000,1000,5,11.696891900000992,0.008198800000172923,0.05159158786651001,0.005306851317550205,0.03828225436720484,0.023338863136522767,0.12121212121212122,0.0756302521008404,0.02542430536379614,0.01550829616189003,0.02922709565618243
retailhero,Y,dragonnet,4,3000,1000,1000,5,7.0563629000007495,0.011065500000768225,0.05226810236008523,0.005376439441894446,0.03852074722020212,0.02340506599046103,0.14343434343434347,0.06820682068206818,0.02542430536379614,0.011127986311912537,0.02757555495018383
retailhero,Y,causalpfn,4,3000,1000,1000,5,8.965604900000471,20.847660100000212,0.06371378193056404,0.00655377323255069,0.04710774768524561,0.025788717871054485,0.07467532467532467,0.09498548693824449,0.02542430536379614,0.025769091188907623,0.016333590006511575
