dataset,outcome,model,seed,n_train,n_validation,n_test,n_features,fit_seconds,predict_seconds,qini_auc_normalized,qini_coefficient,uplift_auc_normalized,auuc,uplift_at_10pct,uplift_at_20pct,ate_test,cate_mean,cate_std
retailhero,Y,constant_ate,1,3000,1000,1000,5,0.00041899999996530823,2.89999989036005e-05,0.0,0.0,0.0,0.017244068976275895,-0.039408866995073955,-0.07971014492753614,0.03448813795255179,0.03216223651654959,0.0
retailhero,Y,s_learner,1,3000,1000,1000,5,4.25839150000138,0.058536099999400903,0.044542886998794294,0.004571078415885086,0.032045203683092556,0.026091532342000835,0.25050020008003204,0.056305630563056264,0.03448813795255179,0.029240295869610328,0.09784337658727424
retailhero,Y,t_learner,1,3000,1000,1000,5,8.12308850000045,0.1583479000000807,0.02027378133878623,0.002080535199449647,0.015710051584252892,0.02158150765321155,0.06821000413393963,0.0375037503750375,0.03448813795255179,0.03704681183025298,0.25648483523672677
retailhero,Y,x_learner,1,3000,1000,1000,5,25.964640899999722,0.2863848000015423,0.021130550001697914,0.0021684584798276865,0.01612984460510365,0.02169740965870024,0.09443777511004403,0.027568922305764354,0.03448813795255179,0.042160059473886645,0.21737448069584095
retailhero,Y,dr_learner,1,3000,1000,1000,5,51.37121250000018,0.038715299999239505,0.008066072773969306,0.0008277562062613379,0.00627220228877981,0.018975781482184362,0.020000000000000018,-0.03601440576230497,0.03448813795255179,0.029145442256647145,0.27535469885018526
retailhero,Y,tarnet,1,3000,1000,1000,5,16.222899500000494,0.009349500000098487,0.055953616970303925,0.005742069902891138,0.041074224346581215,0.028584383700930943,0.10236852669610597,0.08780878087808786,0.03448813795255179,0.03177317979931831,0.06121601755420535
retailhero,Y,dragonnet,1,3000,1000,1000,5,13.195757199999207,0.009657099999458296,0.04876505202179064,0.005004365270539253,0.03575128530012409,0.027114756337121616,-0.07371794871794879,0.057705770577057725,0.03448813795255179,0.03516995742917061,0.057862682024181475
retailhero,Y,causalpfn,1,3000,1000,1000,5,6.849371399999654,19.79822729999978,0.03127634639216734,0.0032096400021141727,0.022947653633730018,0.02357976048448408,0.004401760704281776,-0.018501850185018487,0.03448813795255179,0.03302480733394623,0.011370915610447068
