dataset,outcome,model,seed,n_train,n_validation,n_test,n_features,fit_seconds,predict_seconds,qini_auc_normalized,qini_coefficient,auuc,uplift_at_10pct,uplift_at_20pct,ate_test,cate_mean,cate_std
retailhero,Y,constant_ate,17,3000,1000,1000,5,5.841196980327368e-05,4.69601945951581e-06,0.0,0.0,0.035692879001303905,-0.06704134885588109,0.0007057163020466328,0.026302630263026372,0.02583632019115889,0.0
retailhero,Y,s_learner,17,3000,1000,1000,5,0.057414853014051914,0.0008178480202332139,0.11240625780225187,0.011533849745968062,0.11716669474992436,0.24449779911964792,0.1914191419141914,0.026302630263026372,0.005885434518069935,0.014087791523566198
retailhero,Y,t_learner,17,3000,1000,1000,5,0.0999446350033395,0.0010617340449243784,0.05979865112670897,0.0061358564068592965,0.07291097657579115,0.18668831168831168,0.0656199677938809,0.026302630263026372,0.026551265677479043,0.08754073754581229
retailhero,Y,x_learner,17,3000,1000,1000,5,0.19758561003254727,0.000695706985425204,0.06620002860352674,0.006792692844869078,0.05921349043039449,-0.055895552835577345,0.08999999999999997,0.026302630263026372,0.026690662473023957,0.05508870094789369
retailhero,Y,dr_learner,17,3000,1000,1000,5,0.34026707598241046,0.0005445629940368235,0.1260290103001841,0.012931661429318253,0.10342151176624764,0.17982637453493178,0.13060897435897434,0.026302630263026372,0.021091514295223265,0.09295729307398937
