dataset,outcome,model,seed,n_train,n_train_fit,upsample_train,n_validation,n_test,n_features,fit_seconds,predict_seconds,qini_auc_normalized,qini_coefficient,uplift_auc_normalized,auuc,uplift_at_10pct,uplift_at_20pct,ate_test,cate_mean,cate_std
lzd,Y,constant_ate,17,2997,3084,True,998,1005,64,0.0001716000001579232,1.3899999885325087e-05,0.0,0.0,0.0,0.004613531963761644,0.004728132387706849,0.005452022204599519,0.009227063927523288,-0.014267185473411157,1.734723475976807e-18
lzd,Y,s_learner,17,2997,3084,True,998,1005,64,1.8046379000002162,0.02038459999994302,-0.048017152398976234,-0.00030370321453834635,-0.002574756751802248,0.004009835008357848,0.003228410008071031,0.0033272837265577726,0.009227063927523288,-0.003729332831521157,0.035100218404684955
lzd,Y,t_learner,17,2997,3084,True,998,1005,64,1.7287515000002713,0.026787199999944278,-0.25905308573365865,-0.0016384823118970999,-0.012818171114406677,0.001608086548308071,-0.02658730158730159,0.0008198401311744208,0.009227063927523288,-0.007292965740667033,0.06572001118058088
lzd,Y,x_learner,17,2997,3084,True,998,1005,64,7.183992300000227,0.07854039999983797,0.09088806362835797,0.0005748570189615533,0.004230362404842001,0.00560541475124057,0.040392156862745096,-0.00030096308186195603,0.009227063927523288,-0.01177669936458098,0.06313369875697115
lzd,Y,dr_learner,17,2997,3084,True,998,1005,64,18.535957799999778,0.03387620000012248,0.4662648469297553,0.002949073940540794,0.022753323169790323,0.009948448325591256,0.05304928989139515,0.029821684771469566,0.009227063927523288,-0.011776405811290979,0.10862386756557614
lzd,Y,tarnet,17,2997,3084,True,998,1005,64,4.714237799999864,0.015228700000079698,-0.07731330246794209,-0.0004889981457249034,-0.0036911816507231706,0.0037480695767520135,-0.010366826156299844,0.004088552054248108,0.009227063927523288,-0.0011233319198267896,0.014358295554409218
lzd,Y,dragonnet,17,2997,3084,True,998,1005,64,2.6241556999998465,0.010534500000176195,-0.16143292925756417,-0.0010210455451520905,-0.00781005399102865,0.002782327593631153,0.00778688524590164,-0.0059737156511350115,0.009227063927523288,-0.0031301738960733314,0.01609231849968554
lzd,Y,causalpfn,17,2997,3084,True,998,1005,64,5.377883399999973,11.857726400000047,-0.18434216837878273,-0.0011659439661565409,-0.009414563521426287,0.0024061221451982424,-0.018867924528301886,-0.011309523809523808,0.009227063927523288,-0.006703968392453383,0.007324435754505883
