dataset,outcome,model,seed,n_train,n_validation,n_test,n_features,fit_seconds,predict_seconds,qini_auc_normalized,qini_coefficient,uplift_auc_normalized,auuc,uplift_at_10pct,uplift_at_20pct,ate_test,cate_mean,cate_std
criteo,conversion,constant_ate,1,2998,999,1003,10,0.0002806000011332799,2.7399999453336932e-05,-0.0,0.0,0.0,0.0017667844522968198,,,0.0035335689045936395,0.0019500780031201242,6.505213034913027e-19
criteo,conversion,s_learner,1,2998,999,1003,10,3.1117583000013838,0.03255589999935182,-0.0,0.0,0.0,0.0017667844522968198,,,0.0035335689045936395,0.0,0.0
criteo,conversion,t_learner,1,2998,999,1003,10,0.34466750000137836,0.01221820000137086,-250.88888888888889,0.0011222563615236048,0.016989022417677344,0.00309173535668656,0.023529411764705882,0.011834319526627219,0.0035335689045936395,0.0010129951312598975,0.029605441553174926
criteo,conversion,x_learner,1,2998,999,1003,10,4.697494000000006,0.10639000000082888,-139.55555555555554,0.0006242488884294276,0.009882594802235203,0.002537514668493039,0.024096385542168676,0.012345679012345678,0.0035335689045936395,0.0003251652027546916,0.002077066740552988
criteo,conversion,dr_learner,1,2998,999,1003,10,10.012612700000318,0.12767879999955767,-271.6666666666667,0.0012151978759633363,0.018163948376752028,0.003183366244785642,0.023809523809523808,0.011695906432748537,0.0035335689045936395,0.0019613622640330844,0.01595935364127389
criteo,conversion,tarnet,1,2998,999,1003,10,16.229347500000586,0.012564899998324108,-269.3333333333333,0.001204760593593099,0.018419527763904476,0.003203298535874896,0.022727272727272728,0.011764705882352941,0.0035335689045936395,0.001946941328375769,0.019953072147586702
criteo,conversion,dragonnet,1,2998,999,1003,10,14.210914100000082,0.015822299999854295,-271.1111111111111,0.0012127128087323275,0.018559714448920434,0.0032142315060322622,0.02247191011235955,0.011976047904191617,0.0035335689045936395,0.0032997484678767256,0.03697216022886078
criteo,conversion,causalpfn,1,2998,999,1003,10,8.825346800000261,11.84531160000006,-215.11111111111111,0.0009622180318466335,0.014542300202851459,0.0029009187969326043,0.022727272727272728,0.011764705882352941,0.0035335689045936395,0.0019212688262744298,0.0049789217534976895
