dataset,outcome,model,seed,n_train,n_validation,n_test,n_features,fit_seconds,predict_seconds,qini_auc_normalized,qini_coefficient,uplift_auc_normalized,auuc,uplift_at_10pct,uplift_at_20pct,ate_test,cate_mean,cate_std,test_events_control,test_events_treated,metrics_implementation
criteo,conversion,constant_ate,1,2998,999,1003,10,0.0002806000011332,2.739999945333693e-05,0.0,0.0,0.0,0.0017667844522968198,0.0,0.0,0.0035335689045936395,0.0019500780031201242,6.505213034913027e-19,0,3,scikit-uplift-compatible
criteo,conversion,s_learner,1,2998,999,1003,10,3.111758300001384,0.0325558999993518,0.0,0.0,0.0,0.0017667844522968198,0.0,0.0,0.0035335689045936395,0.0,0.0,0,3,scikit-uplift-compatible
criteo,conversion,t_learner,1,2998,999,1003,10,0.3446675000013783,0.0122182000013708,0.7526666666666667,0.0011222563615236048,0.016989022417677344,0.00309173535668656,0.023529411764705882,0.012048192771084338,0.0035335689045936395,0.0010129951312598975,0.029605441553174926,0,3,scikit-uplift-compatible
criteo,conversion,x_learner,1,2998,999,1003,10,4.697494000000006,0.1063900000008288,0.4186666666666667,0.0006242488884294276,0.009882594802235203,0.002537514668493039,0.024390243902439025,0.012422360248447204,0.0035335689045936395,0.0003251652027546916,0.002077066740552988,0,3,scikit-uplift-compatible
criteo,conversion,dr_learner,1,2998,999,1003,10,10.012612700000318,0.1276787999995576,0.815,0.0012151978759633363,0.018163948376752028,0.003183366244785642,0.023809523809523808,0.011764705882352941,0.0035335689045936395,0.0019613622640330844,0.01595935364127389,0,3,scikit-uplift-compatible
criteo,conversion,tarnet,1,2998,999,1003,10,16.229347500000586,0.0125648999983241,0.8173333333333334,0.0012186769700867487,0.018419527763904476,0.003203298535874896,0.022988505747126436,0.011764705882352941,0.0035335689045936395,0.001946941328375769,0.019953072147586702,0,3,scikit-uplift-compatible
criteo,conversion,dragonnet,1,2998,999,1003,10,14.210914100000082,0.0158222999998542,0.8233333333333334,0.0012276232121183808,0.018559714448920434,0.0032142315060322622,0.022727272727272728,0.012048192771084338,0.0035335689045936395,0.0032997484678767256,0.03697216022886078,0,3,scikit-uplift-compatible
criteo,conversion,causalpfn,1,2998,999,1003,10,8.825346800000261,11.84531160000006,0.6546666666666666,0.0009761344083402833,0.014542300202851459,0.0029009187969326043,0.022988505747126436,0.011764705882352941,0.0035335689045936395,0.0019212688262744298,0.0049789217534976895,0,3,scikit-uplift-compatible
