dataset,outcome,model,seed,n_train,n_validation,n_test,n_features,fit_seconds,predict_seconds,qini_auc_normalized,qini_coefficient,uplift_auc_normalized,auuc,uplift_at_10pct,uplift_at_20pct,ate_test,cate_mean,cate_std
retailhero,Y,constant_ate,17,3000,1000,1000,5,0.000480799999422743,3.780000042752363e-05,0.0,0.0,0.0,0.013151315131513188,-0.06704134885588109,0.0007057163020466328,0.026302630263026372,0.02583632019115889,0.0
retailhero,Y,s_learner,17,3000,1000,1000,5,6.0816436000004614,0.1562231999996584,0.0970036504460283,0.009953409631545302,0.07010011195287877,0.03259791768015084,-0.012820512820512775,0.021302130213021298,0.026302630263026372,0.01841245618885477,0.0884902412419542
retailhero,Y,t_learner,17,3000,1000,1000,5,11.189215599999443,0.09806760000174108,0.11733301644492303,0.012039377596732258,0.0859489346206502,0.03699456907909819,0.14343434343434347,0.1322132213221322,0.026302630263026372,0.02240893468782459,0.2239304031835016
retailhero,Y,x_learner,17,3000,1000,1000,5,24.36795770000026,0.15050259999952686,0.11888623877280072,0.012198751579125124,0.08697549241471701,0.037279348387693916,0.1599347205222359,0.09999999999999998,0.026302630263026372,0.022559456233024803,0.18315300581867358
retailhero,Y,dr_learner,17,3000,1000,1000,5,52.734458000000814,0.1666457999999693,0.07148676984912354,0.007335158009751598,0.052172510606585634,0.027624588418335493,0.12525010004001602,0.07167919799498745,0.026302630263026372,0.020315498939387208,0.24484207058686797
retailhero,Y,tarnet,17,3000,1000,1000,5,7.120646999999735,0.0060855000010633375,0.08179219927068263,0.008392583786927144,0.06467658539682261,0.031093367082307262,0.0626262626262627,0.12882205513784462,0.026302630263026372,-0.004140700608491897,0.02476603807796329
retailhero,Y,dragonnet,17,3000,1000,1000,5,7.659867600001235,0.013413999999102089,0.07806208165028256,0.00800984160682389,0.05954467439158842,0.029669714097261345,0.04220779220779225,0.10657051282051277,0.026302630263026372,0.015285979092121125,0.0445163896889285
retailhero,Y,causalpfn,17,3000,1000,1000,5,6.622346599999219,20.7555554999999,0.015384292471350218,0.0015785608495635405,0.010051285426283417,0.015939660932148113,0.11755233494363931,0.03881552621048423,0.026302630263026372,0.026388704895973204,0.004397843145030437
