dataset,outcome,model,seed,n_train,n_validation,n_test,n_features,fit_seconds,predict_seconds,qini_auc_normalized,qini_coefficient,uplift_auc_normalized,auuc,uplift_at_10pct,uplift_at_20pct,ate_test,cate_mean,cate_std,metrics_implementation
retailhero,Y,constant_ate,17,3000,1000,1000,5,0.0004807999994227,3.780000042752363e-05,0.0,0.0,0.0,0.013151315131513188,0.13461538461538458,0.050000000000000044,0.026302630263026372,0.02583632019115889,0.0,scikit-uplift-compatible
retailhero,Y,s_learner,17,3000,1000,1000,5,6.081643600000461,0.1562231999996584,0.047209114598082094,0.009953409631545274,0.07010011195287877,0.03259791768015084,-0.012820512820512775,0.021302130213021298,0.026302630263026372,0.01841245618885477,0.0884902412419542,scikit-uplift-compatible
retailhero,Y,t_learner,17,3000,1000,1000,5,11.189215599999445,0.098067600001741,0.057102880087682516,0.012039377596732228,0.0859489346206502,0.03699456907909819,0.14343434343434347,0.1322132213221322,0.026302630263026372,0.02240893468782459,0.2239304031835016,scikit-uplift-compatible
retailhero,Y,x_learner,17,3000,1000,1000,5,24.36795770000026,0.1505025999995268,0.05785879237073494,0.012198751579125092,0.08697549241471701,0.037279348387693916,0.1599347205222359,0.09999999999999998,0.026302630263026372,0.022559456233024803,0.18315300581867358,scikit-uplift-compatible
retailhero,Y,dr_learner,17,3000,1000,1000,5,52.734458000000814,0.1666457999999693,0.03479546577630717,0.00733615800975157,0.052172510606585634,0.027624588418335493,0.12525010004001602,0.07167919799498745,0.026302630263026372,0.020315498939387208,0.24484207058686797,scikit-uplift-compatible
retailhero,Y,tarnet,17,3000,1000,1000,5,7.120646999999735,0.0060855000010633,0.03980610307801998,0.008392583786927116,0.06467658539682261,0.031093367082307262,0.0626262626262627,0.12882205513784462,0.026302630263026372,-0.004140700608491897,0.02476603807796329,scikit-uplift-compatible
retailhero,Y,dragonnet,17,3000,1000,1000,5,7.659867600001235,0.013413999999102,0.03799549636187517,0.008010841606823861,0.05954467439158842,0.029669714097261345,0.04220779220779225,0.10657051282051277,0.026302630263026372,0.015285979092121125,0.0445163896889285,scikit-uplift-compatible
retailhero,Y,causalpfn,17,3000,1000,1000,5,6.622346599999219,20.7555554999999,0.007487128813718885,0.0015785608495635123,0.010051285426283417,0.015939660932148113,0.11755233494363931,0.03881552621048423,0.026302630263026372,0.026388704895973204,0.004397843145030437,scikit-uplift-compatible
