dataset,outcome,model,seed,n_train,n_validation,n_test,n_features,fit_seconds,predict_seconds,qini_auc_normalized,qini_coefficient,auuc,uplift_at_10pct,uplift_at_20pct,ate_test,cate_mean,cate_std
retailhero,Y,tarnet,19,1800,600,600,5,0.7095045850146562,0.0002493449719622731,-0.09288548646113541,-0.009452259316001292,-0.011282026866512581,0.003525264394829586,0.0422691879866518,0.036666666666666625,0.010835431019465129,0.0242339252811553
retailhero,Y,dragonnet,19,1800,600,600,5,0.04673390800599009,0.0002150830114260316,-0.10136449179036396,-0.010315104095816912,-0.018530001256362158,0.07403055229142186,0.04338153503893216,0.036666666666666625,0.0121134086449941,0.020775614753002963
