dataset,outcome,model,seed,n_train,n_validation,n_test,n_features,fit_seconds,predict_seconds,qini_auc_normalized,qini_coefficient,uplift_auc_normalized,auuc,uplift_at_10pct,uplift_at_20pct,ate_test,cate_mean,cate_std
retailhero,Y,tarnet,29,1200,400,400,5,0.695518181018997,0.00027562701143324375,0.05175143402596011,0.005132949080130121,0.03376755275411737,0.0362076087848306,0.08000000000000007,0.0722815839094908,0.05390134753368836,0.06619727224111557,0.03628530686865618
retailhero,Y,dragonnet,29,1200,400,400,5,0.033496354008093476,0.00023763399804010987,0.06459121739374238,0.006406458799564516,0.042689012365892134,0.038653310802182726,0.12,0.037878787878787956,0.05390134753368836,0.0648321645706892,0.03392665296568016
