dataset,outcome,model,seed,n_train,n_validation,n_test,n_features,fit_seconds,predict_seconds,qini_auc_normalized,qini_coefficient,uplift_auc_normalized,auuc,uplift_at_10pct,uplift_at_20pct,ate_test,cate_mean,cate_std
hillstrom,conversion,constant_ate,0,3000,1000,1000,18,0.0004152000001340639,3.2300000384566374e-05,0.0,0.0,0.0,0.004468499225520346,0.0,0.022388059701492536,0.008936998451040692,0.008945999025057627,1.734723475976807e-18
hillstrom,conversion,s_learner,0,3000,1000,1000,18,4.462782500000685,0.054914000000280794,-0.5474493564098536,-0.0005373562757527806,-0.004337065418746766,0.0037384793535870206,0.0,0.0,0.008936998451040692,0.006944764166644519,0.05790222713864554
hillstrom,conversion,t_learner,0,3000,1000,1000,18,5.442949899999803,0.10314119999929972,0.23165842934375006,0.00022738744576347744,0.002461175939871643,0.004882767208812527,0.0,0.007874015748031496,0.008936998451040692,0.008534876659749446,0.0695123291651036
hillstrom,conversion,x_learner,0,3000,1000,1000,18,18.201080700000603,0.1744180999994569,-0.6640570957404347,-0.0006518141699798425,-0.00554656973641159,0.003534894186697927,0.0,0.0,0.008936998451040692,0.004873444812494803,0.029607753496344466
hillstrom,conversion,dr_learner,0,3000,1000,1000,18,22.416581100000258,0.05196040000009816,-0.37968703293323947,-0.00037268691172938725,-0.0027811556962632367,0.004000371879219123,0.0,0.0,0.008936998451040692,0.006585314569800834,0.05259205984992826
hillstrom,conversion,tarnet,0,3000,1000,1000,18,21.69633889999932,0.010416799999802606,-0.8914390167818412,-0.000875003951525312,-0.0076627523452996345,0.0031786958802461924,0.0,0.007518796992481203,0.008936998451040692,0.006178143341443502,0.041039122214066776
hillstrom,conversion,dragonnet,0,3000,1000,1000,18,14.510414599999422,0.00942880000002333,-0.7352550411548782,-0.0007216994704943113,-0.006380602638369546,0.0033945088031517726,0.0,0.014705882352941176,0.008936998451040692,0.006588055299594999,0.03388078470214689
hillstrom,conversion,causalpfn,0,3000,1000,1000,18,6.666642899999715,17.562861299998985,0.95959724267499,0.0009419055744773341,0.008415292732366757,0.005884971039897311,0.013513513513513514,0.0072992700729927005,0.008936998451040692,0.00544855098053813,0.0019821444238242903
