dataset,outcome,model,seed,n_train,n_validation,n_test,n_features,fit_seconds,predict_seconds,qini_auc_normalized,qini_coefficient,uplift_auc_normalized,auuc,uplift_at_10pct,uplift_at_20pct,ate_test,cate_mean,cate_std
retailhero,Y,constant_ate,0,3000,1000,1000,5,0.00032250000003841706,2.3400001737172715e-05,0.0,0.0,0.0,0.02048432774924397,0.0004014452027298887,0.056677720832077116,0.04096865549848794,0.041147123856931755,0.0
retailhero,Y,s_learner,0,3000,1000,1000,5,5.083561800000098,0.11440199999924516,-0.03240363018725394,-0.0033276796755323285,-0.023952630165696605,0.013896211117710182,0.06321839080459768,-0.012601260126012592,0.04096865549848794,0.03443288111343888,0.08644147326078647
retailhero,Y,t_learner,0,3000,1000,1000,5,10.658308600000964,0.1830820000013773,-0.06617974047034145,-0.006796305723233,-0.049401031947690424,0.006896685893711398,-0.03875968992248058,-0.0543401552575864,0.04096865549848794,0.0363787142021624,0.23266309316549633
retailhero,Y,x_learner,0,3000,1000,1000,5,20.367125900000246,0.07647509999878821,-0.050058057176258865,-0.00514069499310591,-0.037980373759026353,0.010037912040289448,-0.0024803637866886996,-0.0780998389694042,0.04096865549848794,0.03439566804365885,0.1940094435106145
retailhero,Y,dr_learner,0,3000,1000,1000,5,50.68329210000047,0.03848469999866211,-0.015141150621848244,-0.0015549152640409137,-0.011205297535739104,0.017402336062075932,0.004025764895330131,0.01041666666666663,0.04096865549848794,0.040523047887529674,0.27335728698524203
retailhero,Y,tarnet,0,3000,1000,1000,5,7.931664300000193,0.0026828000009118114,0.016988004185187058,0.0017445772565674324,0.013342575767681305,0.02415417296935049,0.03434343434343434,0.09012444801284625,0.04096865549848794,0.04686910519003868,0.0452782212939118
retailhero,Y,dragonnet,0,3000,1000,1000,5,2.2226252000000386,0.006033699999534292,-0.0027874001616334534,-0.0002862511024796149,-0.0012830890594629932,0.0201314170119299,0.11217948717948723,0.07026918036092356,0.04096865549848794,0.03672706678509712,0.033008298291857176
retailhero,Y,causalpfn,0,3000,1000,1000,5,8.957409099999495,18.0699792000014,0.008346946167109492,0.00085718677051124,0.005276078056508781,0.021935501058934867,0.04601840736294516,0.03621448579431774,0.04096865549848794,0.04284373241662979,0.007424631893970414
