dataset,outcome,model,seed,n_train,n_validation,n_test,n_features,fit_seconds,predict_seconds,qini_auc_normalized,qini_coefficient,uplift_auc_normalized,auuc,uplift_at_10pct,uplift_at_20pct,ate_test,cate_mean,cate_std
lzd,Y,constant_ate,2,3000,1000,1000,64,0.0003952999995817663,2.3799999326001853e-05,0.0,0.0,0.0,0.008387324395407016,0.08243297318927571,0.03841536614645859,0.016774648790814035,0.0025819488100583686,4.336808689942018e-19
lzd,Y,s_learner,2,3000,1000,1000,64,5.2700012999994215,0.05100750000019616,0.11380016787612401,0.0007301170131909867,0.00569799881936781,0.009768849331143513,0.01645925331192292,0.0311031103110311,0.016774648790814035,-0.00021219347952698624,0.01732161434145018
lzd,Y,t_learner,2,3000,1000,1000,64,10.576213300000745,0.17247089999909804,0.46645836614622893,0.002992694961920929,0.02276661437169243,0.013907270336757644,-0.004817342432757929,0.059983896940418675,0.016774648790814035,0.002569630475461737,0.031334817329291165
lzd,Y,x_learner,2,3000,1000,1000,64,24.04326729999957,0.23426930000096036,0.017263193344842463,0.00011075687671036667,0.0018308851908466718,0.008831237008555995,-0.03532717784022481,0.029236818227643915,0.016774648790814035,0.003130973098868684,0.04486959308447934
lzd,Y,dr_learner,2,3000,1000,1000,64,34.58571389999997,0.14359830000103102,-0.17786505901380698,-0.0011411433573591877,-0.009302062158169979,0.006131965762898824,-0.018807523009203683,0.008203281312525013,0.016774648790814035,0.009124949019156859,0.1133470931100738
lzd,Y,tarnet,2,3000,1000,1000,64,12.300718399999823,0.009768800000529154,0.017139034517810202,0.00010996030080326637,0.0009841112756755132,0.008625929967290238,0.057692307692307696,0.028846153846153848,0.016774648790814035,-0.006459293429274112,0.006717926926289199
lzd,Y,dragonnet,2,3000,1000,1000,64,6.9681507000004785,0.014951999999539112,0.1409349510551783,0.0009042078534597095,0.006430904223247516,0.009946548050131346,0.05357142857142857,0.037092731829573934,0.016774648790814035,-0.0028769834052654914,0.006512347165960797
lzd,Y,causalpfn,2,3000,1000,1000,64,17.20851550000043,19.416012699999555,-0.1594979191833281,-0.0010233038011953695,-0.008397924074365232,0.006351181201111894,0.010101010101010097,0.01762820512820513,0.016774648790814035,0.0034282698202878236,0.004908730651427701
