dataset,outcome,model,seed,n_train,n_validation,n_test,n_features,fit_seconds,predict_seconds,qini_auc_normalized,qini_coefficient,uplift_auc_normalized,auuc,uplift_at_10pct,uplift_at_20pct,ate_test,cate_mean,cate_std
criteo,conversion,constant_ate,0,2993,1009,998,10,0.00020909999875584617,1.9299999621580355e-05,-0.0,0.0,0.0,0.002403846153846154,,,0.004807692307692308,0.0019516003122560497,2.168404344971009e-19
criteo,conversion,s_learner,0,2993,1009,998,10,3.629621500000212,0.05863160000080825,-216.0,0.0017349327914345726,0.0236700453711956,0.004410139742495504,0.04597701149425287,0.023255813953488372,0.004807692307692308,0.0001370007049784822,0.003283464287759448
criteo,conversion,t_learner,0,2993,1009,998,10,0.8076860000001034,0.026226699999824632,-219.5,0.0017630451283328179,0.023773518609358044,0.004418910223965502,0.03488372093023256,0.022988505747126436,0.004807692307692308,0.00022979343823989335,0.0044989084307699
criteo,conversion,x_learner,0,2993,1009,998,10,9.968249999999898,0.09941689999868686,-227.25,0.0018252938743217898,0.025812379045209825,0.004591725804014119,0.046511627906976744,0.024096385542168676,0.004807692307692308,0.0009757034918141386,0.004490196337841225
criteo,conversion,dr_learner,0,2993,1009,998,10,12.506579699998838,0.141284799999994,110.875,-0.0008905586724551307,-0.012756730893739068,0.0013225745718584338,0.011494252873563218,0.005917159763313609,0.004807692307692308,0.002095701699061211,0.018260437540069552
criteo,conversion,tarnet,0,2993,1009,998,10,25.989630699999907,0.006439000000682427,-220.75,0.0017730852486536198,0.024316862954034613,0.004464964562183208,0.034482758620689655,0.023121387283236993,0.004807692307692308,0.0005754640580501123,0.003557962962792625
criteo,conversion,dragonnet,0,2993,1009,998,10,9.102317400000175,0.029895699999542558,-206.625,0.0016596318890285582,0.023351146669870808,0.004383109611802339,0.036585365853658534,0.01775147928994083,0.004807692307692308,6.393575203910149e-05,0.005749497974210419
criteo,conversion,causalpfn,0,2993,1009,998,10,7.502288199999384,10.033578099999431,-235.375,0.0018905546564070023,0.025855967920721576,0.004595420434932828,0.04597701149425287,0.023391812865497075,0.004807692307692308,0.0022017089263927977,0.00640399067702329
