dataset,outcome,model,seed,n_train,n_validation,n_test,n_features,fit_seconds,predict_seconds,qini_auc_normalized,qini_coefficient,auuc,uplift_at_10pct,uplift_at_20pct,ate_test,cate_mean,cate_std
retailhero,Y,constant_ate,1,1200,400,400,5,4.451500717550516e-05,4.41097654402256e-06,0.0,0.0,-0.05532217311576345,-0.11779448621553879,-0.11779448621553879,0.02882572064301614,0.02549230397426605,0.0
retailhero,Y,s_learner,1,1200,400,400,5,0.050777505966834724,0.0008175880066119134,0.01296665892530372,0.001339159596746181,0.02916344508513031,-0.09890109890109888,0.0421994884910486,0.02882572064301614,0.004662785745917714,0.020895322842295862
retailhero,Y,t_learner,1,1200,400,400,5,0.07234733598306775,0.000652882969006896,-0.01803772812139887,-0.0018628851777794382,-0.0046261291633026246,-0.053708439897698246,-0.010025062656641603,0.02882572064301614,0.033499176784701976,0.08402916378872866
retailhero,Y,x_learner,1,1200,400,400,5,0.09861516999080777,0.0004268040065653622,0.004118752599822596,0.0004253730357565118,0.031000467398729824,0.14666666666666672,0.06140350877192979,0.02882572064301614,0.031478478680062344,0.045170058328832474
retailhero,Y,dr_learner,1,1200,400,400,5,0.22726986999623477,0.00024573400150984526,-0.030394925970491468,-0.0031391013706963816,-0.01209420698874852,0.03324808184143213,-0.03535353535353536,0.02882572064301614,0.03417469352738009,0.09086625578738892
