dataset,outcome,model,seed,n_train,n_validation,n_test,n_features,fit_seconds,predict_seconds,qini_auc_normalized,qini_coefficient,uplift_auc_normalized,auuc,uplift_at_10pct,uplift_at_20pct,ate_test,cate_mean,cate_std
lzd,Y,constant_ate,3,3000,1003,997,64,0.0014561000007233815,0.0004776999994646758,0.0,0.0,0.0,0.0038805116556312716,-0.13485394157663066,-0.049779205138498595,0.007761023311262542,0.0005793043089991345,0.0
lzd,Y,s_learner,3,3000,1003,997,64,6.2749094999999215,0.13576809999904071,0.34952839266455343,0.003085285056984616,0.023888944778397276,0.009804470245379586,0.033816425120772944,0.04468599033816425,0.007761023311262542,-0.0022818751700453836,0.01820527036272281
lzd,Y,t_learner,3,3000,1003,997,64,9.684505100000024,0.16461940000044706,-0.07140190742592176,-0.0006302642149955904,-0.004038819664718429,0.002878968863883969,-0.061595700702769735,0.014423076923076927,0.007761023311262542,-0.0056705767778668,0.07374593941483214
lzd,Y,x_learner,3,3000,1003,997,64,22.240011000001687,0.2307476999994833,-0.0812143676115904,-0.0007168787430810227,-0.005227207622062329,0.00258427350947773,-0.04242424242424242,-0.023232323232323236,0.007761023311262542,-0.0049270556512373545,0.053769443022711194
lzd,Y,dr_learner,3,3000,1003,997,64,51.90598580000005,0.044754200000170385,-0.2838407903530577,-0.002505460979473105,-0.019095092145357328,-0.0008546717602062499,-0.05656565656565656,-0.025974025974025976,0.007761023311262542,-0.002957961895628311,0.10905013717572136
lzd,Y,tarnet,3,3000,1003,997,64,16.259253299998818,0.01751189999959024,-0.30029856855804415,-0.0026507336904535344,-0.020557093584168556,-0.0012172175344968808,-0.03733766233766234,-0.032729456510859775,0.007761023311262542,-0.001753880009981089,0.030929393749983727
lzd,Y,dragonnet,3,3000,1003,997,64,11.893763899999612,0.005855499999597669,-0.2985870655240716,-0.0026356262632844713,-0.020439888469533447,-0.001188153117795104,-0.03140096618357488,-0.03552790044158972,0.007761023311262542,-0.0012983010811560742,0.02650548527116147
lzd,Y,causalpfn,3,3000,1003,997,64,18.670046699999148,20.15373719999843,0.3950201694815627,0.0034868407021762166,0.026739418941259068,0.010511328210793397,-0.006060606060606072,0.027597402597402593,0.007761023311262542,1.6114815561438995e-05,0.0049654239223206375
