dataset,outcome,model,seed,n_train,n_validation,n_test,n_features,fit_seconds,predict_seconds,qini_auc_normalized,qini_coefficient,uplift_auc_normalized,auuc,uplift_at_10pct,uplift_at_20pct,ate_test,cate_mean,cate_std,test_events_control,test_events_treated,metrics_implementation
criteo,conversion,constant_ate,3,3002,999,999,10,0.0008906000002752,7.829999958630651e-05,0.0,0.0,0.0,0.0011723329425556857,0.0,0.0,0.0023446658851113715,-0.003484030875632309,0.0,0,2,scikit-uplift-compatible
criteo,conversion,s_learner,3,3002,999,999,10,4.552701800001159,0.0749149000002944,-0.9869608826479438,-0.0009859709559409259,-0.015625748508855595,1.7583953711422882e-05,0.0,0.0,0.0023446658851113715,-0.00035495706861439524,0.0065821381015735885,0,2,scikit-uplift-compatible
criteo,conversion,t_learner,3,3002,999,999,10,3.1087705999998434,0.0826297999992675,0.009027081243731194,9.018027036045055e-06,-6.112353605522507e-05,0.0011678158890900962,0.011904761904761904,0.005714285714285714,0.0023446658851113715,-0.0010662371123343877,0.04719555349643463,0,2,scikit-uplift-compatible
criteo,conversion,x_learner,3,3002,999,999,10,11.988784899998793,0.1728050999990955,-0.966900702106319,-0.0009659308958608258,-0.015309559684662629,4.0950432751691536e-05,0.0,0.0,0.0023446658851113715,-0.00316492435459094,0.014023652213734179,0,2,scikit-uplift-compatible
criteo,conversion,dr_learner,3,3002,999,999,10,12.509644300000218,0.0473824999990029,0.023069207622868605,2.304606909211514e-05,0.00036568295524286244,0.001199357057436644,0.012195121951219513,0.005847953216374269,0.0023446658851113715,-0.002618544556716103,0.05826398971151527,0,2,scikit-uplift-compatible
criteo,conversion,tarnet,3,3002,999,999,10,14.6194499000012,0.010159499999645,-0.0010030090270812437,-1.002003004005006e-06,-0.00010128002779470396,0.001164848308483931,0.011904761904761904,0.0058823529411764705,0.0023446658851113715,-0.001020508391814513,0.009017860483135342,0,2,scikit-uplift-compatible
criteo,conversion,dragonnet,3,3002,999,999,10,8.7587738000002,0.0065152000006492,0.0,0.0,-6.095798680783286e-05,0.0011678281232448903,0.012195121951219513,0.005780346820809248,0.0023446658851113715,-0.0008677085447875602,0.00819208496816567,0,2,scikit-uplift-compatible
criteo,conversion,causalpfn,3,3002,999,999,10,9.509482499999647,13.928194699999947,-0.9829488465396189,-0.000981962943924906,-0.01556208261400723,2.22888884963611e-05,0.0,0.0,0.0023446658851113715,-0.0012442387770525776,0.005410468356923804,0,2,scikit-uplift-compatible
