dataset,outcome,model,seed,n_train,n_validation,n_test,n_features,fit_seconds,predict_seconds,qini_auc_normalized,qini_coefficient,uplift_auc_normalized,auuc,uplift_at_10pct,uplift_at_20pct,ate_test,cate_mean,cate_std
criteo,conversion,constant_ate,3,3002,999,999,10,0.000890600000275299,7.829999958630651e-05,-0.0,0.0,0.0,0.0011723329425556857,,,0.0023446658851113715,-0.003484030875632309,0.0
criteo,conversion,s_learner,3,3002,999,999,10,4.552701800001159,0.07491490000029444,492.0,-0.0009859709559409259,-0.015625748508855595,1.7583953711422882e-05,0.0,0.0,0.0023446658851113715,-0.00035495706861439524,0.0065821381015735885
criteo,conversion,t_learner,3,3002,999,999,10,3.1087705999998434,0.08262979999926756,-3.5,7.014021028035042e-06,-6.112353605522507e-05,0.0011678158890900962,0.011764705882352941,0.005649717514124294,0.0023446658851113715,-0.0010662371123343877,0.04719555349643463
criteo,conversion,x_learner,3,3002,999,999,10,11.988784899998791,0.17280509999909555,482.0,-0.0009659308958608258,-0.015309559684662629,4.0950432751691536e-05,0.0,0.0,0.0023446658851113715,-0.00316492435459094,0.014023652213734179
criteo,conversion,dr_learner,3,3002,999,999,10,12.509644300000218,0.0473824999990029,-10.5,2.1042063084105125e-05,0.00036568295524286244,0.001199357057436644,0.012048192771084338,0.005813953488372093,0.0023446658851113715,-0.002618544556716103,0.05826398971151527
criteo,conversion,tarnet,3,3002,999,999,10,14.6194499000012,0.01015949999964505,0.5,-1.002003004005006e-06,-0.00010128002779470396,0.001164848308483931,0.011904761904761904,0.0058823529411764705,0.0023446658851113715,-0.001020508391814513,0.009017860483135342
criteo,conversion,dragonnet,3,3002,999,999,10,8.7587738000002,0.006515200000649202,0.5,-1.002003004005006e-06,-6.095798680783286e-05,0.0011678281232448903,0.012048192771084338,0.005747126436781609,0.0023446658851113715,-0.0008677085447875602,0.00819208496816567
criteo,conversion,causalpfn,3,3002,999,999,10,9.509482499999649,13.928194699999949,490.0,-0.000981962943924906,-0.01556208261400723,2.22888884963611e-05,0.0,0.0,0.0023446658851113715,-0.0012442387770525776,0.005410468356923804
