dataset,outcome,model,seed,n_train,n_validation,n_test,n_features,fit_seconds,predict_seconds,qini_auc_normalized,qini_coefficient,uplift_auc_normalized,auuc,uplift_at_10pct,uplift_at_20pct,ate_test,cate_mean,cate_std
lzd,Y,constant_ate,0,2997,1003,1000,64,0.00048010000136855524,3.5799999750452116e-05,0.0,0.0,0.0,-0.004875971981235142,-0.0024630541871921152,0.0055137844611528805,-0.009751943962470283,0.0019606774743615787,0.0
lzd,Y,s_learner,0,2997,1003,1000,64,7.705012700000225,0.13000190000093426,0.08742149205054484,0.0007839970614976458,0.006206337860582892,-0.0033863886817519164,-0.004870129870129872,-0.00020002000200020076,-0.009751943962470283,-0.0017877893585004437,0.011312654252748468
lzd,Y,t_learner,0,2997,1003,1000,64,14.07102919999852,0.20931190000010247,0.09186811887812121,0.000823874467895387,0.00638928168111283,-0.0033424803309778164,0.021346469622331693,-0.0024021619457511786,-0.009751943962470283,-0.007299004811974329,0.06900915792547647
lzd,Y,x_learner,0,2997,1003,1000,64,31.772633799999312,0.18666549999943527,0.26175828879122126,0.002347451689755169,0.018572440074066936,-0.00041840019148652106,0.05419510236852669,0.016040100250626563,-0.009751943962470283,-0.004704728498246884,0.05871653772143641
lzd,Y,dr_learner,0,2997,1003,1000,64,51.31868779999968,0.013258200000564102,-0.04158599763659299,-0.0003729437599587818,-0.0030503105474763634,-0.005608077089243489,0.019999999999999997,-0.0109010901090109,-0.009751943962470283,-0.0006801388604562151,0.11744664983239979
lzd,Y,tarnet,0,2997,1003,1000,64,4.0584222999987105,0.0028877000004285946,0.08116462826515776,0.000727885426854092,0.005591772936420802,-0.0035338904240102805,0.008080808080808084,0.012019230769230768,-0.009751943962470283,-0.0036207057552819608,0.01352450536287397
lzd,Y,dragonnet,0,2997,1003,1000,64,2.734565200000361,0.002450600000884151,-0.009691890999408993,-8.691700273771267e-05,-0.0015087700122159804,-0.005238091908226508,0.0,0.003007518796992483,-0.009751943962470283,-0.0038259643377386967,0.012816771077214238
lzd,Y,causalpfn,0,2997,1003,1000,64,8.27313089999916,8.635927900000752,0.06156796319995665,0.0005521422833100728,0.004101734119277889,-0.003891514676420762,0.0072260136491368865,0.0014001400140013914,-0.009751943962470283,-2.906825579702854e-05,0.006048305632248275
