dataset,outcome,model,seed,n_train,n_validation,n_test,n_features,fit_seconds,predict_seconds,qini_auc_normalized,qini_coefficient,uplift_auc_normalized,auuc,uplift_at_10pct,uplift_at_20pct,ate_test,cate_mean,cate_std
retailhero,Y,constant_ate,23,1800,600,600,5,6.362795829772949e-05,4.907022230327129e-06,0.0,0.0,0.0,0.015420950263962232,0.20361990950226244,0.03872053872053871,0.03084190052792446,0.03200889135871076,6.938893903907228e-18
retailhero,Y,s_learner,23,1800,600,600,5,0.04988241504179314,0.0006200139760039747,0.03938316700136819,0.004042916132002542,0.02761062829363572,0.023063373835330286,0.06944444444444453,-0.0357142857142857,0.03084190052792446,0.008223433044177006,0.03244892940857834
retailhero,Y,t_learner,23,1800,600,600,5,0.06250437302514911,0.0005573540111072361,0.0639176343780157,0.0065615250073043285,0.04426358045594371,0.027672791367760102,0.09788654060066743,0.05174825174825182,0.03084190052792446,0.03189775602566301,0.09696541411399948
retailhero,Y,x_learner,23,1800,600,600,5,0.11743911198573187,0.0005361100193113089,0.10933332057193934,0.011223715083409693,0.08040179230746368,0.037675588810251084,-0.008928571428571397,0.11666666666666659,0.03084190052792446,0.029328764154278784,0.06341550811588882
retailhero,Y,dr_learner,23,1800,600,600,5,0.20089844899484888,0.0003430080250836909,0.08714615092377911,0.008946070269042481,0.06617390270737102,0.03373741117466159,0.008928571428571397,0.07769423558897248,0.03084190052792446,0.02533114536470783,0.09970941856680365
