dataset,outcome,model,seed,n_train,n_validation,n_test,n_features,fit_seconds,predict_seconds,qini_auc_normalized,qini_coefficient,uplift_auc_normalized,auuc,uplift_at_10pct,uplift_at_20pct,ate_test,cate_mean,cate_std
hillstrom,conversion,constant_ate,2,3000,1000,1000,18,0.0003832000002148561,2.7599999157246202e-05,0.0,0.0,0.0,0.0015262035686230504,0.015384615384615385,0.015748031496062992,0.003052407137246101,0.005526235514787634,8.673617379884035e-19
hillstrom,conversion,s_learner,2,3000,1000,1000,18,4.466017700000521,0.0720285999996122,-0.2794160737529374,-0.0005501994419436573,-0.004796719539143679,0.0007078168295295158,-0.013186813186813185,0.00044563279857397567,0.003052407137246101,-0.0012322040440564716,0.05323211970245039
hillstrom,conversion,t_learner,2,3000,1000,1000,18,4.216422199999215,0.08677989999887359,-0.6719910222173537,-0.0013232205307632159,-0.011580274787952507,-0.0004495515790734531,-0.027777777777777776,-0.015873015873015872,0.003052407137246101,-0.002535000680847679,0.06316110871724755
hillstrom,conversion,x_learner,2,3000,1000,1000,18,18.617416499999308,0.1733488000008947,-0.8453239669631617,-0.0016645312083798495,-0.014607601567496482,-0.0009660554253091283,0.0,-0.015873015873015872,0.003052407137246101,0.00112118185559216,0.030659800060741732
hillstrom,conversion,dr_learner,2,3000,1000,1000,18,29.168187400000534,0.06147819999932835,-0.6418990458949594,-0.001263966285446597,-0.011136647561150043,-0.00037386263446177986,0.014492753623188406,-0.0071301247771836,0.003052407137246101,0.004449583997719756,0.049869803577745876
hillstrom,conversion,tarnet,2,3000,1000,1000,18,10.556252100001075,0.02650509999875794,0.9793400928051471,0.0019284229618475083,0.016460211563782527,0.004334543467703018,0.029411764705882353,0.014388489208633094,0.003052407137246101,-0.001668859359342605,0.00033117762142515443
hillstrom,conversion,dragonnet,2,3000,1000,1000,18,10.297364000000016,0.04674449999947683,-1.0870554732352986,-0.002140525799760193,-0.020118839873508536,-0.0019063489548386393,-0.045454545454545456,-0.023529411764705882,0.003052407137246101,0.005461679284926504,0.002717779944562695
hillstrom,conversion,causalpfn,2,3000,1000,1000,18,10.584662200000821,20.54195510000136,-0.2746350998570287,-0.0005407852048378776,-0.0049616211485439335,0.0006796823327579073,-0.025,-0.0125,0.003052407137246101,0.0030814594593830407,0.0013308858416076579
