dataset,outcome,model,seed,n_train,n_validation,n_test,n_features,fit_seconds,predict_seconds,qini_auc_normalized,qini_coefficient,uplift_auc_normalized,auuc,uplift_at_10pct,uplift_at_20pct,ate_test,cate_mean,cate_std
retailhero,Y,constant_ate,3,3000,1000,1000,5,0.00031010000020614825,2.559999848017469e-05,0.0,0.0,0.0,0.015697076627018913,0.0689102564102565,0.07036999697550161,0.031394153254037827,0.03172864624057459,0.0
retailhero,Y,s_learner,3,3000,1000,1000,5,4.1778573999999935,0.04393039999922621,0.0322106498949755,0.0032964092256197856,0.020190377289694063,0.021285956962298465,0.1089351285189718,0.0803571428571429,0.031394153254037827,0.027900742023319075,0.0774622795861954
retailhero,Y,t_learner,3,3000,1000,1000,5,7.158212300000741,0.2051303000007465,0.024772903620860924,0.002535236895482014,0.016327721888906986,0.02021673876485351,0.0855078281814533,-0.01386795296955079,0.031394153254037827,0.040829439951921814,0.2307859149159568
retailhero,Y,x_learner,3,3000,1000,1000,5,20.16132859999925,0.17568259999825386,0.05248558011586606,0.005371327528940528,0.03551453130513085,0.025527822371885743,0.10919309514251307,0.022222222222222143,0.031394153254037827,0.035665730552708406,0.20058462372448246
retailhero,Y,dr_learner,3,3000,1000,1000,5,56.728990700001305,0.07424770000034187,0.04832882802012094,0.004945929221184993,0.03475171669820588,0.025316668340688755,0.05082032813125248,0.09703881552621052,0.031394153254037827,0.0362914209860259,0.2645368037078537
retailhero,Y,tarnet,3,3000,1000,1000,5,16.943926799998735,0.008668200000101933,0.05919794903072112,0.006058265386103827,0.04299224858788073,0.02759772262559091,0.05772495755517826,0.055773289116671676,0.031394153254037827,0.040620842218399046,0.03257876219022674
retailhero,Y,dragonnet,3,3000,1000,1000,5,7.106695500000569,0.017985599999519764,-0.03538800672322933,-0.003621577093883622,-0.026299685866071478,0.008417084031935335,0.015280135823429575,0.02713178294573637,0.031394153254037827,0.026692281544208527,0.02980585417147898
retailhero,Y,causalpfn,3,3000,1000,1000,5,8.151235700001052,21.116658499999176,-0.06031517847823956,-0.006172601652833682,-0.04339113776135711,0.0036860144719971758,-0.05681818181818177,-0.07903570338724453,0.031394153254037827,0.03351467508077621,0.007628965726959069
