dataset,outcome,model,seed,n_train,n_validation,n_test,n_features,fit_seconds,predict_seconds,qini_auc_normalized,qini_coefficient,uplift_auc_normalized,auuc,uplift_at_10pct,uplift_at_20pct,ate_test,cate_mean,cate_std
hillstrom,conversion,constant_ate,1,3000,1000,1000,18,0.00039090000063879415,2.769999991869554e-05,0.0,0.0,0.0,-0.0006052002723401229,0.0,0.006993006993006993,-0.0012104005446802457,-0.0011901958728004133,0.0
hillstrom,conversion,s_learner,1,3000,1000,1000,18,4.487484100000074,0.06474549999984447,-0.059447809402665204,-0.0001715146879786493,-0.0014880410028562231,-0.0008642292542915891,0.0,-0.005824614388954805,-0.0012104005446802457,0.00016358630975414233,0.022606930328223092
hillstrom,conversion,t_learner,1,3000,1000,1000,18,5.417037300001539,0.09654609999961394,0.13113180413691086,0.0003783323674431524,0.0033177150687103293,-2.7672936061399015e-05,0.0,0.0,-0.0012104005446802457,-0.0025706151321651244,0.0574449696027593
hillstrom,conversion,x_learner,1,3000,1000,1000,18,18.026327600000513,0.13606809999873803,-0.3678156189829622,-0.0010611960601648043,-0.009132379525395707,-0.0021949084636581732,0.0,0.0,-0.0012104005446802457,-0.0025510265223336395,0.03487618354514738
hillstrom,conversion,dr_learner,1,3000,1000,1000,18,34.438721699998496,0.10654619999877468,0.03687556295435835,0.00010639081133021966,0.0009428734990654233,-0.0004410706804114444,0.015151515151515152,0.007407407407407408,-0.0012104005446802457,0.0007086858945998943,0.06093954843163934
hillstrom,conversion,tarnet,1,3000,1000,1000,18,15.321243800000957,0.021896900001593167,0.008733221575251112,2.5196483917209717e-05,0.00030596355224373693,-0.0005519400279652526,0.0,0.0,-0.0012104005446802457,-0.001706401705276221,0.0021120820773426357
hillstrom,conversion,dragonnet,1,3000,1000,1000,18,9.645881599999484,0.00847780000003695,-0.12367242737027266,-0.0003568110920336706,-0.002916654271247476,-0.001112913423480103,0.0,0.0,-0.0012104005446802457,-0.0010583026905078442,0.0019878162213819886
hillstrom,conversion,causalpfn,1,3000,1000,1000,18,9.090648800000054,20.027136699998664,0.03165513772788419,9.132920329400424e-05,0.0006029121566795061,-0.0005002490499940375,-0.02631578947368421,-0.014084507042253521,-0.0012104005446802457,-0.0032245820011012256,0.001146499557358572
